[
    {
        "name": "tightenco/collect",
        "version": "v5.5.13",
        "version_normalized": "5.5.13.0",
        "source": {
            "type": "git",
            "url": "https://github.com/tightenco/collect.git",
            "reference": "dae85b18c6a2315645bca3dac37e3e408542efa8"
        },
        "dist": {
            "type": "zip",
            "url": "https://api.github.com/repos/tightenco/collect/zipball/dae85b18c6a2315645bca3dac37e3e408542efa8",
            "reference": "dae85b18c6a2315645bca3dac37e3e408542efa8",
            "shasum": ""
        },
        "require": {
            "php": ">=7.0"
        },
        "require-dev": {
            "mockery/mockery": "~1.0",
            "phpunit/phpunit": "~6.0"
        },
        "time": "2017-09-25T17:13:51+00:00",
        "type": "library",
        "installation-source": "dist",
        "autoload": {
            "files": [
                "src/Illuminate/Support/helpers.php"
            ],
            "psr-4": {
                "Illuminate\\": "src/Illuminate"
            }
        },
        "notification-url": "https://packagist.org/downloads/",
        "license": [
            "MIT"
        ],
        "authors": [
            {
                "name": "Taylor Otwell",
                "email": "taylorotwell@gmail.com"
            }
        ],
        "description": "Collect - Illuminate Collections as a separate package.",
        "keywords": [
            "collection",
            "laravel"
        ]
    },
    {
        "name": "guzzlehttp/promises",
        "version": "v1.3.1",
        "version_normalized": "1.3.1.0",
        "source": {
            "type": "git",
            "url": "https://github.com/guzzle/promises.git",
            "reference": "a59da6cf61d80060647ff4d3eb2c03a2bc694646"
        },
        "dist": {
            "type": "zip",
            "url": "https://api.github.com/repos/guzzle/promises/zipball/a59da6cf61d80060647ff4d3eb2c03a2bc694646",
            "reference": "a59da6cf61d80060647ff4d3eb2c03a2bc694646",
            "shasum": ""
        },
        "require": {
            "php": ">=5.5.0"
        },
        "require-dev": {
            "phpunit/phpunit": "^4.0"
        },
        "time": "2016-12-20T10:07:11+00:00",
        "type": "library",
        "extra": {
            "branch-alias": {
                "dev-master": "1.4-dev"
            }
        },
        "installation-source": "dist",
        "autoload": {
            "psr-4": {
                "GuzzleHttp\\Promise\\": "src/"
            },
            "files": [
                "src/functions_include.php"
            ]
        },
        "notification-url": "https://packagist.org/downloads/",
        "license": [
            "MIT"
        ],
        "authors": [
            {
                "name": "Michael Dowling",
                "email": "mtdowling@gmail.com",
                "homepage": "https://github.com/mtdowling"
            }
        ],
        "description": "Guzzle promises library",
        "keywords": [
            "promise"
        ]
    },
    {
        "name": "psr/http-message",
        "version": "1.0.1",
        "version_normalized": "1.0.1.0",
        "source": {
            "type": "git",
            "url": "https://github.com/php-fig/http-message.git",
            "reference": "f6561bf28d520154e4b0ec72be95418abe6d9363"
        },
        "dist": {
            "type": "zip",
            "url": "https://api.github.com/repos/php-fig/http-message/zipball/f6561bf28d520154e4b0ec72be95418abe6d9363",
            "reference": "f6561bf28d520154e4b0ec72be95418abe6d9363",
            "shasum": ""
        },
        "require": {
            "php": ">=5.3.0"
        },
        "time": "2016-08-06T14:39:51+00:00",
        "type": "library",
        "extra": {
            "branch-alias": {
                "dev-master": "1.0.x-dev"
            }
        },
        "installation-source": "dist",
        "autoload": {
            "psr-4": {
                "Psr\\Http\\Message\\": "src/"
            }
        },
        "notification-url": "https://packagist.org/downloads/",
        "license": [
            "MIT"
        ],
        "authors": [
            {
                "name": "PHP-FIG",
                "homepage": "http://www.php-fig.org/"
            }
        ],
        "description": "Common interface for HTTP messages",
        "homepage": "https://github.com/php-fig/http-message",
        "keywords": [
            "http",
            "http-message",
            "psr",
            "psr-7",
            "request",
            "response"
        ]
    },
    {
        "name": "guzzlehttp/psr7",
        "version": "1.4.2",
        "version_normalized": "1.4.2.0",
        "source": {
            "type": "git",
            "url": "https://github.com/guzzle/psr7.git",
            "reference": "f5b8a8512e2b58b0071a7280e39f14f72e05d87c"
        },
        "dist": {
            "type": "zip",
            "url": "https://api.github.com/repos/guzzle/psr7/zipball/f5b8a8512e2b58b0071a7280e39f14f72e05d87c",
            "reference": "f5b8a8512e2b58b0071a7280e39f14f72e05d87c",
            "shasum": ""
        },
        "require": {
            "php": ">=5.4.0",
            "psr/http-message": "~1.0"
        },
        "provide": {
            "psr/http-message-implementation": "1.0"
        },
        "require-dev": {
            "phpunit/phpunit": "~4.0"
        },
        "time": "2017-03-20T17:10:46+00:00",
        "type": "library",
        "extra": {
            "branch-alias": {
                "dev-master": "1.4-dev"
            }
        },
        "installation-source": "dist",
        "autoload": {
            "psr-4": {
                "GuzzleHttp\\Psr7\\": "src/"
            },
            "files": [
                "src/functions_include.php"
            ]
        },
        "notification-url": "https://packagist.org/downloads/",
        "license": [
            "MIT"
        ],
        "authors": [
            {
                "name": "Michael Dowling",
                "email": "mtdowling@gmail.com",
                "homepage": "https://github.com/mtdowling"
            },
            {
                "name": "Tobias Schultze",
                "homepage": "https://github.com/Tobion"
            }
        ],
        "description": "PSR-7 message implementation that also provides common utility methods",
        "keywords": [
            "http",
            "message",
            "request",
            "response",
            "stream",
            "uri",
            "url"
        ]
    },
    {
        "name": "guzzlehttp/guzzle",
        "version": "6.3.0",
        "version_normalized": "6.3.0.0",
        "source": {
            "type": "git",
            "url": "https://github.com/guzzle/guzzle.git",
            "reference": "f4db5a78a5ea468d4831de7f0bf9d9415e348699"
        },
        "dist": {
            "type": "zip",
            "url": "https://api.github.com/repos/guzzle/guzzle/zipball/f4db5a78a5ea468d4831de7f0bf9d9415e348699",
            "reference": "f4db5a78a5ea468d4831de7f0bf9d9415e348699",
            "shasum": ""
        },
        "require": {
            "guzzlehttp/promises": "^1.0",
            "guzzlehttp/psr7": "^1.4",
            "php": ">=5.5"
        },
        "require-dev": {
            "ext-curl": "*",
            "phpunit/phpunit": "^4.0 || ^5.0",
            "psr/log": "^1.0"
        },
        "suggest": {
            "psr/log": "Required for using the Log middleware"
        },
        "time": "2017-06-22T18:50:49+00:00",
        "type": "library",
        "extra": {
            "branch-alias": {
                "dev-master": "6.2-dev"
            }
        },
        "installation-source": "dist",
        "autoload": {
            "files": [
                "src/functions_include.php"
            ],
            "psr-4": {
                "GuzzleHttp\\": "src/"
            }
        },
        "notification-url": "https://packagist.org/downloads/",
        "license": [
            "MIT"
        ],
        "authors": [
            {
                "name": "Michael Dowling",
                "email": "mtdowling@gmail.com",
                "homepage": "https://github.com/mtdowling"
            }
        ],
        "description": "Guzzle is a PHP HTTP client library",
        "homepage": "http://guzzlephp.org/",
        "keywords": [
            "client",
            "curl",
            "framework",
            "http",
            "http client",
            "rest",
            "web service"
        ]
    },
    {
        "name": "kunalvarma05/dropbox-php-sdk",
        "version": "dev-master",
        "version_normalized": "9999999-dev",
        "source": {
            "type": "git",
            "url": "https://github.com/kunalvarma05/dropbox-php-sdk.git",
            "reference": "af301e0e2b355249752205d82cc837745f061b69"
        },
        "dist": {
            "type": "zip",
            "url": "https://api.github.com/repos/kunalvarma05/dropbox-php-sdk/zipball/af301e0e2b355249752205d82cc837745f061b69",
            "reference": "af301e0e2b355249752205d82cc837745f061b69",
            "shasum": ""
        },
        "require": {
            "guzzlehttp/guzzle": "~6.0",
            "tightenco/collect": "^5.2"
        },
        "require-dev": {
            "phpunit/phpunit": "^6.0"
        },
        "time": "2017-09-27T21:18:00+00:00",
        "type": "library",
        "installation-source": "dist",
        "autoload": {
            "psr-4": {
                "Kunnu\\Dropbox\\": "src/Dropbox"
            }
        },
        "notification-url": "https://packagist.org/downloads/",
        "license": [
            "MIT"
        ],
        "authors": [
            {
                "name": "Kunal Varma",
                "email": "kunalvarma05@gmail.com"
            }
        ],
        "description": "Dropbox PHP API V2 SDK (Unofficial)",
        "keywords": [
            "api",
            "client",
            "dropbox",
            "php",
            "sdk",
            "unofficial"
        ]
    }
]
